-- --------------------------------------------------------
-- Host:                         127.0.0.1
-- Server version:               8.0.36-0ubuntu0.22.04.1 - (Ubuntu)
-- Server OS:                    Linux
-- HeidiSQL Version:             12.7.0.6850
-- --------------------------------------------------------

/*!40101 SET @OLD_CHARACTER_SET_CLIENT=@@CHARACTER_SET_CLIENT */;
/*!40101 SET NAMES utf8 */;
/*!50503 SET NAMES utf8mb4 */;
/*!40103 SET @OLD_TIME_ZONE=@@TIME_ZONE */;
/*!40103 SET TIME_ZONE='+00:00' */;
/*!40014 SET @OLD_FOREIGN_KEY_CHECKS=@@FOREIGN_KEY_CHECKS, FOREIGN_KEY_CHECKS=0 */;
/*!40101 SET @OLD_SQL_MODE=@@SQL_MODE, SQL_MODE='NO_AUTO_VALUE_ON_ZERO' */;
/*!40111 SET @OLD_SQL_NOTES=@@SQL_NOTES, SQL_NOTES=0 */;

-- Dumping structure for table pricetracker.productdetails
CREATE TABLE IF NOT EXISTS `productdetails` (
  `detailsID` varchar(255) CHARACTER SET utf8mb4 COLLATE utf8mb4_general_ci NOT NULL,
  `productID` varchar(255) CHARACTER SET utf8mb4 COLLATE utf8mb4_general_ci NOT NULL,
  `trackID` varchar(255) CHARACTER SET utf8mb4 COLLATE utf8mb4_general_ci NOT NULL,
  PRIMARY KEY (`detailsID`),
  KEY `fk_productID` (`productID`) USING BTREE,
  KEY `fk_trackID` (`trackID`),
  CONSTRAINT `fk_productdetails_productID` FOREIGN KEY (`productID`) REFERENCES `products` (`productID`),
  CONSTRAINT `fk_productdetails_trackID` FOREIGN KEY (`trackID`) REFERENCES `trackdetails` (`trackID`)
) ENGINE=InnoDB DEFAULT CHARSET=utf8mb4 COLLATE=utf8mb4_general_ci;

-- Dumping data for table pricetracker.productdetails: ~255 rows (approximately)
INSERT INTO `productdetails` (`detailsID`, `productID`, `trackID`) VALUES
	('D001', 'P001', 'T001'),
	('D002', 'P002', 'T002'),
	('D003', 'P003', 'T003'),
	('D004', 'P004', 'T004'),
	('D005', 'P005', 'T005'),
	('D006', 'P001', 'T006'),
	('D007', 'P002', 'T007'),
	('D008', 'P003', 'T008'),
	('D009', 'P004', 'T009'),
	('D010', 'P005', 'T010'),
	('D011', 'P001', 'T011'),
	('D012', 'P002', 'T012'),
	('D013', 'P003', 'T013'),
	('D014', 'P004', 'T014'),
	('D015', 'P005', 'T015'),
	('D016', 'P001', 'T016'),
	('D017', 'P002', 'T017'),
	('D018', 'P003', 'T018'),
	('D019', 'P004', 'T019'),
	('D020', 'P005', 'T020'),
	('D021', 'P001', 'T021'),
	('D022', 'P002', 'T022'),
	('D023', 'P003', 'T023'),
	('D024', 'P004', 'T024'),
	('D025', 'P005', 'T025'),
	('D026', 'P001', 'T026'),
	('D027', 'P002', 'T027'),
	('D028', 'P003', 'T028'),
	('D029', 'P004', 'T029'),
	('D030', 'P005', 'T030'),
	('D031', 'P001', 'T031'),
	('D032', 'P002', 'T032'),
	('D033', 'P003', 'T033'),
	('D034', 'P004', 'T034'),
	('D035', 'P005', 'T035'),
	('D036', 'P001', 'T036'),
	('D037', 'P002', 'T037'),
	('D038', 'P003', 'T038'),
	('D039', 'P004', 'T039'),
	('D040', 'P005', 'T040'),
	('D041', 'P001', 'T041'),
	('D042', 'P002', 'T042'),
	('D043', 'P003', 'T043'),
	('D044', 'P004', 'T044'),
	('D045', 'P005', 'T045'),
	('D046', 'P001', 'T046'),
	('D047', 'P002', 'T047'),
	('D048', 'P003', 'T048'),
	('D049', 'P004', 'T049'),
	('D050', 'P005', 'T050'),
	('D051', 'P001', 'T051'),
	('D052', 'P002', 'T052'),
	('D053', 'P003', 'T053'),
	('D054', 'P004', 'T054'),
	('D055', 'P005', 'T055'),
	('D056', 'P001', 'T056'),
	('D057', 'P002', 'T057'),
	('D058', 'P003', 'T058'),
	('D059', 'P004', 'T059'),
	('D060', 'P005', 'T060'),
	('D061', 'P001', 'T061'),
	('D062', 'P002', 'T062'),
	('D063', 'P003', 'T063'),
	('D064', 'P004', 'T064'),
	('D065', 'P005', 'T065'),
	('D066', 'P001', 'T066'),
	('D067', 'P002', 'T067'),
	('D068', 'P003', 'T068'),
	('D069', 'P004', 'T069'),
	('D070', 'P005', 'T070'),
	('D071', 'P001', 'T071'),
	('D072', 'P002', 'T072'),
	('D073', 'P003', 'T073'),
	('D074', 'P004', 'T074'),
	('D075', 'P005', 'T075'),
	('D076', 'P001', 'T076'),
	('D077', 'P002', 'T077'),
	('D078', 'P003', 'T078'),
	('D079', 'P004', 'T079'),
	('D080', 'P005', 'T080'),
	('D081', 'P001', 'T081'),
	('D082', 'P002', 'T082'),
	('D083', 'P003', 'T083'),
	('D084', 'P004', 'T084'),
	('D085', 'P005', 'T085'),
	('D086', 'P001', 'T086'),
	('D087', 'P002', 'T087'),
	('D088', 'P003', 'T088'),
	('D089', 'P004', 'T089'),
	('D090', 'P005', 'T090'),
	('D091', 'P001', 'T091'),
	('D092', 'P002', 'T092'),
	('D093', 'P003', 'T093'),
	('D094', 'P004', 'T094'),
	('D095', 'P005', 'T095'),
	('D096', 'P001', 'T096'),
	('D097', 'P002', 'T097'),
	('D098', 'P003', 'T098'),
	('D099', 'P004', 'T099'),
	('D100', 'P005', 'T100'),
	('D101', 'P001', 'T101'),
	('D102', 'P002', 'T102'),
	('D103', 'P003', 'T103'),
	('D104', 'P004', 'T104'),
	('D105', 'P005', 'T105'),
	('D106', 'P001', 'T106'),
	('D107', 'P002', 'T107'),
	('D108', 'P003', 'T108'),
	('D109', 'P004', 'T109'),
	('D110', 'P005', 'T110'),
	('D111', 'P001', 'T111'),
	('D112', 'P002', 'T112'),
	('D113', 'P003', 'T113'),
	('D114', 'P004', 'T114'),
	('D115', 'P005', 'T115'),
	('D116', 'P001', 'T116'),
	('D117', 'P002', 'T117'),
	('D118', 'P003', 'T118'),
	('D119', 'P004', 'T119'),
	('D120', 'P005', 'T120'),
	('D121', 'P001', 'T121'),
	('D122', 'P002', 'T122'),
	('D123', 'P003', 'T123'),
	('D124', 'P004', 'T124'),
	('D125', 'P005', 'T125'),
	('D126', 'P001', 'T126'),
	('D127', 'P002', 'T127'),
	('D128', 'P003', 'T128'),
	('D129', 'P004', 'T129'),
	('D130', 'P005', 'T130'),
	('D131', 'P001', 'T131'),
	('D132', 'P002', 'T132'),
	('D133', 'P003', 'T133'),
	('D134', 'P004', 'T134'),
	('D135', 'P005', 'T135'),
	('D136', 'P001', 'T136'),
	('D137', 'P002', 'T137'),
	('D138', 'P003', 'T138'),
	('D139', 'P004', 'T139'),
	('D140', 'P005', 'T140'),
	('D141', 'P001', 'T141'),
	('D142', 'P002', 'T142'),
	('D143', 'P003', 'T143'),
	('D144', 'P004', 'T144'),
	('D145', 'P005', 'T145'),
	('D146', 'P001', 'T146'),
	('D147', 'P002', 'T147'),
	('D148', 'P003', 'T148'),
	('D149', 'P004', 'T149'),
	('D150', 'P005', 'T150'),
	('D151', 'P001', 'T151'),
	('D152', 'P002', 'T152'),
	('D153', 'P003', 'T153'),
	('D154', 'P004', 'T154'),
	('D155', 'P005', 'T155'),
	('D156', 'P001', 'T156'),
	('D157', 'P002', 'T157'),
	('D158', 'P003', 'T158'),
	('D159', 'P004', 'T159'),
	('D160', 'P005', 'T160'),
	('D161', 'P001', 'T161'),
	('D162', 'P002', 'T162'),
	('D163', 'P003', 'T163'),
	('D164', 'P004', 'T164'),
	('D165', 'P005', 'T165'),
	('D166', 'P001', 'T166'),
	('D167', 'P002', 'T167'),
	('D168', 'P003', 'T168'),
	('D169', 'P004', 'T169'),
	('D170', 'P005', 'T170'),
	('D171', 'P001', 'T171'),
	('D172', 'P002', 'T172'),
	('D173', 'P003', 'T173'),
	('D174', 'P004', 'T174'),
	('D175', 'P005', 'T175'),
	('D176', 'P001', 'T176'),
	('D177', 'P002', 'T177'),
	('D178', 'P003', 'T178'),
	('D179', 'P004', 'T179'),
	('D180', 'P005', 'T180'),
	('D181', 'P001', 'T181'),
	('D182', 'P002', 'T182'),
	('D183', 'P003', 'T183'),
	('D184', 'P004', 'T184'),
	('D185', 'P005', 'T185'),
	('D186', 'P001', 'T186'),
	('D187', 'P002', 'T187'),
	('D188', 'P003', 'T188'),
	('D189', 'P004', 'T189'),
	('D190', 'P005', 'T190'),
	('D191', 'P001', 'T191'),
	('D192', 'P002', 'T192'),
	('D193', 'P003', 'T193'),
	('D194', 'P004', 'T194'),
	('D195', 'P005', 'T195'),
	('D196', 'P001', 'T196'),
	('D197', 'P002', 'T197'),
	('D198', 'P003', 'T198'),
	('D199', 'P004', 'T199'),
	('D200', 'P005', 'T200'),
	('D201', 'P001', 'T201'),
	('D202', 'P002', 'T202'),
	('D203', 'P003', 'T203'),
	('D204', 'P004', 'T204'),
	('D205', 'P005', 'T205'),
	('D206', 'P001', 'T206'),
	('D207', 'P002', 'T207'),
	('D208', 'P003', 'T208'),
	('D209', 'P004', 'T209'),
	('D210', 'P005', 'T210'),
	('D211', 'P001', 'T211'),
	('D212', 'P002', 'T212'),
	('D213', 'P003', 'T213'),
	('D214', 'P004', 'T214'),
	('D215', 'P005', 'T215'),
	('D216', 'P001', 'T216'),
	('D217', 'P002', 'T217'),
	('D218', 'P003', 'T218'),
	('D219', 'P004', 'T219'),
	('D220', 'P005', 'T220'),
	('D221', 'P001', 'T221'),
	('D222', 'P002', 'T222'),
	('D223', 'P003', 'T223'),
	('D224', 'P004', 'T224'),
	('D225', 'P005', 'T225'),
	('D226', 'P001', 'T226'),
	('D227', 'P002', 'T227'),
	('D228', 'P003', 'T228'),
	('D229', 'P004', 'T229'),
	('D230', 'P005', 'T230'),
	('D231', 'P001', 'T231'),
	('D232', 'P002', 'T232'),
	('D233', 'P003', 'T233'),
	('D234', 'P004', 'T234'),
	('D235', 'P005', 'T235'),
	('D236', 'P001', 'T236'),
	('D237', 'P002', 'T237'),
	('D238', 'P003', 'T238'),
	('D239', 'P004', 'T239'),
	('D240', 'P005', 'T240'),
	('D241', 'P001', 'T241'),
	('D242', 'P002', 'T242'),
	('D243', 'P003', 'T243'),
	('D244', 'P004', 'T244'),
	('D245', 'P005', 'T245'),
	('D246', 'P001', 'T246'),
	('D247', 'P002', 'T247'),
	('D248', 'P003', 'T248'),
	('D249', 'P004', 'T249'),
	('D250', 'P005', 'T250'),
	('D251', 'P001', 'T251'),
	('D252', 'P002', 'T252'),
	('D253', 'P003', 'T253'),
	('D254', 'P004', 'T254'),
	('D255', 'P005', 'T255');

-- Dumping structure for table pricetracker.products
CREATE TABLE IF NOT EXISTS `products` (
  `productID` varchar(255) CHARACTER SET utf8mb4 COLLATE utf8mb4_general_ci NOT NULL,
  `productName` varchar(255) CHARACTER SET utf8mb4 COLLATE utf8mb4_general_ci DEFAULT NULL,
  `URL` varchar(255) CHARACTER SET utf8mb4 COLLATE utf8mb4_general_ci NOT NULL,
  `category` varchar(255) CHARACTER SET utf8mb4 COLLATE utf8mb4_general_ci NOT NULL,
  PRIMARY KEY (`productID`)
) ENGINE=InnoDB DEFAULT CHARSET=utf8mb4 COLLATE=utf8mb4_general_ci;

-- Dumping data for table pricetracker.products: ~5 rows (approximately)
INSERT INTO `products` (`productID`, `productName`, `URL`, `category`) VALUES
	('P001', '11pcs-foodgrade-silicone-kitch', 'https://www.publicpackaging.com/showproducts/productid/4312040/cid/448076/11pcs-foodgrade-silicone-kitchen-measuring-tools-ready-stock-measuring-spoon/', 'Baking Tools'),
	('P002', 'super-clean-gel-compound-clean', 'https://www.publicpackaging.com/showproducts/productid/4312333/cid/448072/super-clean-gel-compound-cleaning-gel-jelly-dust-cleaning-70g%E5%8D%A4/,', 'Home Care / Household / Organizer'),
	('P003', 'dish-wash-pure-colour-pad-2-pc', 'https://www.publicpackaging.com/showproducts/productid/4312382/cid/448073/dish-wash-pure-colour-pad-2-pcs-in-1-pack/,', 'Kitchenware &amp; Tools'),
	('P004', 'creative-desktop-shake-lid-min', 'https://www.publicpackaging.com/showproducts/productid/4312283/cid/448072/creative-desktop-shake-lid-mini-trash-bin-%E5%88%9B%E6%84%8F%E6%A1%8C%E9%9D%A2%E6%91%87%E7%9B%96%E8%BF%B7%E4%BD%A0%E5%9E%83%E5%9C%BE%E6%A1%B6/,', 'Home Care / Household / Organizer'),
	('P005', 'kitchen-knife-3pcs-set-fruit-k', 'https://www.publicpackaging.com/showproducts/productid/4312254/cid/448073/kitchen-knife-3pcs-set-fruit-knife-pemotong-sayur-dadu-multi-slicer-%E6%B0%B4%E7%9A%AE%E6%B0%B4%E6%9E%9C%E5%88%80%E6%B2%BE%E6%9D%BF%E4%B8%89%E4%BB%B6%E5%A5%97/', 'Kitchenware &amp; Tools');

-- Dumping structure for table pricetracker.trackdetails
CREATE TABLE IF NOT EXISTS `trackdetails` (
  `trackID` varchar(255) CHARACTER SET utf8mb4 COLLATE utf8mb4_general_ci NOT NULL,
  `price` float NOT NULL,
  `stock` int NOT NULL,
  `dateCollected` datetime NOT NULL,
  PRIMARY KEY (`trackID`)
) ENGINE=InnoDB DEFAULT CHARSET=utf8mb4 COLLATE=utf8mb4_general_ci;

-- Dumping data for table pricetracker.trackdetails: ~255 rows (approximately)
INSERT INTO `trackdetails` (`trackID`, `price`, `stock`, `dateCollected`) VALUES
	('T001', 7.9, 21, '2024-05-07 22:00:04'),
	('T002', 3, 437, '2024-05-07 22:00:07'),
	('T003', 4, 5, '2024-05-07 22:00:10'),
	('T004', 6.6, 10, '2024-05-07 22:00:13'),
	('T005', 5, 9, '2024-05-07 22:00:15'),
	('T006', 7.9, 21, '2024-05-07 23:00:03'),
	('T007', 3, 437, '2024-05-07 23:00:04'),
	('T008', 4, 5, '2024-05-07 23:00:06'),
	('T009', 6.6, 10, '2024-05-07 23:00:08'),
	('T010', 5, 9, '2024-05-07 23:00:09'),
	('T011', 7.9, 21, '2024-05-08 01:00:02'),
	('T012', 3, 437, '2024-05-08 01:00:03'),
	('T013', 4, 5, '2024-05-08 01:00:03'),
	('T014', 6.6, 10, '2024-05-08 01:00:04'),
	('T015', 5, 9, '2024-05-08 01:00:04'),
	('T016', 7.9, 21, '2024-05-08 02:00:02'),
	('T017', 3, 437, '2024-05-08 02:00:02'),
	('T018', 4, 5, '2024-05-08 02:00:03'),
	('T019', 6.6, 10, '2024-05-08 02:00:03'),
	('T020', 5, 9, '2024-05-08 02:00:03'),
	('T021', 7.9, 21, '2024-05-08 03:00:01'),
	('T022', 3, 437, '2024-05-08 03:00:01'),
	('T023', 4, 5, '2024-05-08 03:00:02'),
	('T024', 6.6, 10, '2024-05-08 03:00:02'),
	('T025', 5, 9, '2024-05-08 03:00:03'),
	('T026', 7.9, 21, '2024-05-08 04:00:01'),
	('T027', 3, 437, '2024-05-08 04:00:01'),
	('T028', 4, 5, '2024-05-08 04:00:02'),
	('T029', 6.6, 10, '2024-05-08 04:00:02'),
	('T030', 5, 9, '2024-05-08 04:00:03'),
	('T031', 7.9, 21, '2024-05-08 05:00:01'),
	('T032', 3, 437, '2024-05-08 05:00:01'),
	('T033', 4, 5, '2024-05-08 05:00:02'),
	('T034', 6.6, 10, '2024-05-08 05:00:02'),
	('T035', 5, 9, '2024-05-08 05:00:03'),
	('T036', 7.9, 21, '2024-05-08 06:00:01'),
	('T037', 3, 437, '2024-05-08 06:00:02'),
	('T038', 4, 5, '2024-05-08 06:00:02'),
	('T039', 6.6, 10, '2024-05-08 06:00:03'),
	('T040', 5, 9, '2024-05-08 06:00:03'),
	('T041', 7.9, 21, '2024-05-08 07:00:02'),
	('T042', 3, 437, '2024-05-08 07:00:03'),
	('T043', 4, 5, '2024-05-08 07:00:03'),
	('T044', 6.6, 10, '2024-05-08 07:00:04'),
	('T045', 5, 9, '2024-05-08 07:00:04'),
	('T046', 7.9, 21, '2024-05-08 08:00:02'),
	('T047', 3, 437, '2024-05-08 08:00:02'),
	('T048', 4, 5, '2024-05-08 08:00:03'),
	('T049', 6.6, 10, '2024-05-08 08:00:03'),
	('T050', 5, 9, '2024-05-08 08:00:03'),
	('T051', 7.9, 21, '2024-05-08 09:00:01'),
	('T052', 3, 437, '2024-05-08 09:00:02'),
	('T053', 4, 5, '2024-05-08 09:00:03'),
	('T054', 6.6, 10, '2024-05-08 09:00:03'),
	('T055', 5, 9, '2024-05-08 09:00:04'),
	('T056', 7.9, 21, '2024-05-08 10:00:02'),
	('T057', 3, 437, '2024-05-08 10:00:02'),
	('T058', 4, 5, '2024-05-08 10:00:03'),
	('T059', 6.6, 10, '2024-05-08 10:00:03'),
	('T060', 5, 9, '2024-05-08 10:00:03'),
	('T061', 7.9, 21, '2024-05-08 11:00:02'),
	('T062', 3, 437, '2024-05-08 11:00:02'),
	('T063', 4, 5, '2024-05-08 11:00:03'),
	('T064', 6.6, 10, '2024-05-08 11:00:03'),
	('T065', 5, 9, '2024-05-08 11:00:03'),
	('T066', 7.9, 21, '2024-05-08 12:00:01'),
	('T067', 3, 437, '2024-05-08 12:00:02'),
	('T068', 4, 5, '2024-05-08 12:00:02'),
	('T069', 6.6, 10, '2024-05-08 12:00:03'),
	('T070', 5, 9, '2024-05-08 12:00:03'),
	('T071', 7.9, 21, '2024-05-08 13:00:02'),
	('T072', 3, 437, '2024-05-08 13:00:03'),
	('T073', 4, 5, '2024-05-08 13:00:03'),
	('T074', 6.6, 10, '2024-05-08 13:00:04'),
	('T075', 5, 9, '2024-05-08 13:00:04'),
	('T076', 7.9, 21, '2024-05-08 14:00:02'),
	('T077', 3, 437, '2024-05-08 14:00:02'),
	('T078', 4, 5, '2024-05-08 14:00:03'),
	('T079', 6.6, 10, '2024-05-08 14:00:03'),
	('T080', 5, 9, '2024-05-08 14:00:04'),
	('T081', 7.9, 21, '2024-05-08 15:00:02'),
	('T082', 3, 437, '2024-05-08 15:00:02'),
	('T083', 4, 5, '2024-05-08 15:00:03'),
	('T084', 6.6, 10, '2024-05-08 15:00:03'),
	('T085', 5, 9, '2024-05-08 15:00:03'),
	('T086', 7.9, 21, '2024-05-08 16:00:01'),
	('T087', 3, 437, '2024-05-08 16:00:01'),
	('T088', 4, 5, '2024-05-08 16:00:02'),
	('T089', 6.6, 10, '2024-05-08 16:00:02'),
	('T090', 5, 9, '2024-05-08 16:00:03'),
	('T091', 7.9, 21, '2024-05-08 17:00:02'),
	('T092', 3, 437, '2024-05-08 17:00:03'),
	('T093', 4, 5, '2024-05-08 17:00:03'),
	('T094', 6.6, 10, '2024-05-08 17:00:03'),
	('T095', 5, 9, '2024-05-08 17:00:04'),
	('T096', 7.9, 21, '2024-05-08 18:00:02'),
	('T097', 3, 437, '2024-05-08 18:00:02'),
	('T098', 4, 5, '2024-05-08 18:00:03'),
	('T099', 6.6, 10, '2024-05-08 18:00:03'),
	('T100', 5, 9, '2024-05-08 18:00:03'),
	('T101', 7.9, 21, '2024-05-08 19:00:01'),
	('T102', 3, 437, '2024-05-08 19:00:02'),
	('T103', 4, 5, '2024-05-08 19:00:02'),
	('T104', 6.6, 10, '2024-05-08 19:00:02'),
	('T105', 5, 9, '2024-05-08 19:00:03'),
	('T106', 7.9, 21, '2024-05-08 20:00:01'),
	('T107', 3, 437, '2024-05-08 20:00:02'),
	('T108', 4, 5, '2024-05-08 20:00:02'),
	('T109', 6.6, 10, '2024-05-08 20:00:03'),
	('T110', 5, 9, '2024-05-08 20:00:03'),
	('T111', 7.9, 21, '2024-05-08 21:00:02'),
	('T112', 3, 437, '2024-05-08 21:00:03'),
	('T113', 4, 5, '2024-05-08 21:00:03'),
	('T114', 6.6, 10, '2024-05-08 21:00:03'),
	('T115', 5, 9, '2024-05-08 21:00:04'),
	('T116', 7.9, 21, '2024-05-08 22:00:02'),
	('T117', 3, 437, '2024-05-08 22:00:02'),
	('T118', 4, 5, '2024-05-08 22:00:03'),
	('T119', 6.6, 10, '2024-05-08 22:00:03'),
	('T120', 5, 9, '2024-05-08 22:00:04'),
	('T121', 7.9, 21, '2024-05-08 23:00:02'),
	('T122', 3, 437, '2024-05-08 23:00:03'),
	('T123', 4, 5, '2024-05-08 23:00:03'),
	('T124', 6.6, 10, '2024-05-08 23:00:04'),
	('T125', 5, 9, '2024-05-08 23:00:04'),
	('T126', 7.9, 21, '2024-05-09 00:00:02'),
	('T127', 3, 437, '2024-05-09 00:00:02'),
	('T128', 4, 5, '2024-05-09 00:00:03'),
	('T129', 6.6, 10, '2024-05-09 00:00:04'),
	('T130', 5, 9, '2024-05-09 00:00:04'),
	('T131', 7.9, 21, '2024-05-09 01:00:01'),
	('T132', 3, 437, '2024-05-09 01:00:02'),
	('T133', 4, 5, '2024-05-09 01:00:02'),
	('T134', 6.6, 10, '2024-05-09 01:00:03'),
	('T135', 5, 9, '2024-05-09 01:00:04'),
	('T136', 7.9, 21, '2024-05-09 02:00:01'),
	('T137', 3, 437, '2024-05-09 02:00:02'),
	('T138', 4, 5, '2024-05-09 02:00:02'),
	('T139', 6.6, 10, '2024-05-09 02:00:03'),
	('T140', 5, 9, '2024-05-09 02:00:03'),
	('T141', 7.9, 21, '2024-05-09 03:00:02'),
	('T142', 3, 437, '2024-05-09 03:00:02'),
	('T143', 4, 5, '2024-05-09 03:00:03'),
	('T144', 6.6, 10, '2024-05-09 03:00:03'),
	('T145', 5, 9, '2024-05-09 03:00:04'),
	('T146', 7.9, 21, '2024-05-09 04:00:01'),
	('T147', 3, 437, '2024-05-09 04:00:02'),
	('T148', 4, 5, '2024-05-09 04:00:02'),
	('T149', 6.6, 10, '2024-05-09 04:00:03'),
	('T150', 5, 9, '2024-05-09 04:00:03'),
	('T151', 7.9, 21, '2024-05-09 05:00:02'),
	('T152', 3, 437, '2024-05-09 05:00:02'),
	('T153', 4, 5, '2024-05-09 05:00:03'),
	('T154', 6.6, 10, '2024-05-09 05:00:03'),
	('T155', 5, 9, '2024-05-09 05:00:04'),
	('T156', 7.9, 21, '2024-05-09 06:00:01'),
	('T157', 3, 437, '2024-05-09 06:00:02'),
	('T158', 4, 5, '2024-05-09 06:00:03'),
	('T159', 6.6, 10, '2024-05-09 06:00:03'),
	('T160', 5, 9, '2024-05-09 06:00:03'),
	('T161', 7.9, 21, '2024-05-09 07:00:02'),
	('T162', 3, 437, '2024-05-09 07:00:04'),
	('T163', 4, 5, '2024-05-09 07:00:04'),
	('T164', 6.6, 10, '2024-05-09 07:00:05'),
	('T165', 5, 9, '2024-05-09 07:00:05'),
	('T166', 7.9, 21, '2024-05-09 08:00:02'),
	('T167', 3, 437, '2024-05-09 08:00:02'),
	('T168', 4, 5, '2024-05-09 08:00:03'),
	('T169', 6.6, 10, '2024-05-09 08:00:03'),
	('T170', 5, 9, '2024-05-09 08:00:03'),
	('T171', 7.9, 21, '2024-05-09 09:00:01'),
	('T172', 3, 437, '2024-05-09 09:00:03'),
	('T173', 4, 5, '2024-05-09 09:00:04'),
	('T174', 6.6, 10, '2024-05-09 09:00:04'),
	('T175', 5, 9, '2024-05-09 09:00:05'),
	('T176', 7.9, 21, '2024-05-09 10:00:02'),
	('T177', 3, 437, '2024-05-09 10:00:03'),
	('T178', 4, 5, '2024-05-09 10:00:04'),
	('T179', 6.6, 10, '2024-05-09 10:00:04'),
	('T180', 5, 9, '2024-05-09 10:00:05'),
	('T181', 7.9, 21, '2024-05-09 11:00:01'),
	('T182', 3, 437, '2024-05-09 11:00:02'),
	('T183', 4, 5, '2024-05-09 11:00:03'),
	('T184', 6.6, 10, '2024-05-09 11:00:04'),
	('T185', 5, 9, '2024-05-09 11:00:05'),
	('T186', 7.9, 21, '2024-05-09 12:00:02'),
	('T187', 3, 437, '2024-05-09 12:00:03'),
	('T188', 4, 5, '2024-05-09 12:00:05'),
	('T189', 6.6, 10, '2024-05-09 12:00:06'),
	('T190', 5, 9, '2024-05-09 12:00:06'),
	('T191', 7.9, 21, '2024-05-09 13:00:02'),
	('T192', 3, 437, '2024-05-09 13:00:03'),
	('T193', 4, 5, '2024-05-09 13:00:04'),
	('T194', 6.6, 10, '2024-05-09 13:00:05'),
	('T195', 5, 9, '2024-05-09 13:00:05'),
	('T196', 7.9, 21, '2024-05-09 14:00:02'),
	('T197', 3, 437, '2024-05-09 14:00:03'),
	('T198', 4, 5, '2024-05-09 14:00:03'),
	('T199', 6.6, 10, '2024-05-09 14:00:04'),
	('T200', 5, 9, '2024-05-09 14:00:04'),
	('T201', 7.9, 21, '2024-05-09 15:00:02'),
	('T202', 3, 437, '2024-05-09 15:00:03'),
	('T203', 4, 5, '2024-05-09 15:00:03'),
	('T204', 6.6, 10, '2024-05-09 15:00:04'),
	('T205', 5, 9, '2024-05-09 15:00:05'),
	('T206', 7.9, 21, '2024-05-09 16:00:02'),
	('T207', 3, 437, '2024-05-09 16:00:02'),
	('T208', 4, 5, '2024-05-09 16:00:03'),
	('T209', 6.6, 10, '2024-05-09 16:00:04'),
	('T210', 5, 9, '2024-05-09 16:00:04'),
	('T211', 7.9, 21, '2024-05-09 17:00:01'),
	('T212', 3, 437, '2024-05-09 17:00:02'),
	('T213', 4, 5, '2024-05-09 17:00:02'),
	('T214', 6.6, 10, '2024-05-09 17:00:03'),
	('T215', 5, 9, '2024-05-09 17:00:03'),
	('T216', 7.9, 21, '2024-05-09 18:00:02'),
	('T217', 3, 437, '2024-05-09 18:00:02'),
	('T218', 4, 5, '2024-05-09 18:00:03'),
	('T219', 6.6, 10, '2024-05-09 18:00:03'),
	('T220', 5, 9, '2024-05-09 18:00:04'),
	('T221', 7.9, 21, '2024-05-09 19:00:02'),
	('T222', 3, 437, '2024-05-09 19:00:03'),
	('T223', 4, 5, '2024-05-09 19:00:03'),
	('T224', 6.6, 10, '2024-05-09 19:00:04'),
	('T225', 5, 9, '2024-05-09 19:00:04'),
	('T226', 7.9, 21, '2024-05-09 20:00:02'),
	('T227', 3, 437, '2024-05-09 20:00:03'),
	('T228', 4, 5, '2024-05-09 20:00:04'),
	('T229', 6.6, 10, '2024-05-09 20:00:05'),
	('T230', 5, 9, '2024-05-09 20:00:05'),
	('T231', 7.9, 21, '2024-05-09 21:00:01'),
	('T232', 3, 437, '2024-05-09 21:00:02'),
	('T233', 4, 5, '2024-05-09 21:00:03'),
	('T234', 6.6, 10, '2024-05-09 21:00:04'),
	('T235', 5, 9, '2024-05-09 21:00:04'),
	('T236', 7.9, 21, '2024-05-09 22:00:02'),
	('T237', 3, 437, '2024-05-09 22:00:03'),
	('T238', 4, 5, '2024-05-09 22:00:04'),
	('T239', 6.6, 10, '2024-05-09 22:00:04'),
	('T240', 5, 9, '2024-05-09 22:00:05'),
	('T241', 7.9, 21, '2024-05-09 23:00:02'),
	('T242', 3, 437, '2024-05-09 23:00:03'),
	('T243', 4, 5, '2024-05-09 23:00:04'),
	('T244', 6.6, 10, '2024-05-09 23:00:04'),
	('T245', 5, 9, '2024-05-09 23:00:05'),
	('T246', 7.9, 21, '2024-05-10 00:00:02'),
	('T247', 3, 437, '2024-05-10 00:00:02'),
	('T248', 4, 5, '2024-05-10 00:00:03'),
	('T249', 6.6, 10, '2024-05-10 00:00:03'),
	('T250', 5, 9, '2024-05-10 00:00:04'),
	('T251', 7.9, 21, '2024-05-10 01:00:02'),
	('T252', 3, 437, '2024-05-10 01:00:03'),
	('T253', 4, 5, '2024-05-10 01:00:03'),
	('T254', 6.6, 10, '2024-05-10 01:00:04'),
	('T255', 5, 9, '2024-05-10 01:00:05');

/*!40103 SET TIME_ZONE=IFNULL(@OLD_TIME_ZONE, 'system') */;
/*!40101 SET SQL_MODE=IFNULL(@OLD_SQL_MODE, '') */;
/*!40014 SET FOREIGN_KEY_CHECKS=IFNULL(@OLD_FOREIGN_KEY_CHECKS, 1) */;
/*!40101 SET CHARACTER_SET_CLIENT=@OLD_CHARACTER_SET_CLIENT */;
/*!40111 SET SQL_NOTES=IFNULL(@OLD_SQL_NOTES, 1) */;
